State,District,Latitude,Longitude,District code,Population,Male,Female,Literate,Households_with_Internet,Housholds_with_Electric_Lighting,sex ratio,Literacy rate
Andhra Pradesh,Adilabad,19.284513950073435,78.81321233480176,532,2741239,1369597,1371642,1483347,5512,566108,100.1,54.1
Andhra Pradesh,Anantapur,14.312065561843148,77.4601584478577,553,4081148,2064495,2016653,2310960,8606,897970,97.7,56.6
Andhra Pradesh,Chittoor,13.33109263067696,78.92763898886037,554,4174064,2090204,2083860,2667878,13763,944555,99.7,63.9
Andhra Pradesh,East Godavari,16.782718320784902,82.2432074720511,545,5154296,2569688,2584608,3288577,22411,1297273,100.6,63.8
Andhra Pradesh,Guntur,15.884925767634847,80.58657614107885,548,4887813,2440521,2447292,2960441,19383,1186028,100.3,60.6
Andhra Pradesh,Hyderabad,17.38971555555556,78.46668888888888,536,3943323,2018575,1924748,2892155,149034,869721,95.4,73.3
Andhra Pradesh,Karimnagar,18.515483193277312,79.43765428571413,534,3776269,1880800,1895469,2206829,8831,926768,100.8,58.4
Andhra Pradesh,Khammam,17.683921325051784,80.67008643892335,541,2797370,1390988,1406382,1630234,8628,668519,101.1,58.3
Andhra Pradesh,Krishna,16.143872753151673,81.14805061000413,547,4517398,2267375,2250023,3009718,30438,1163932,99.2,66.6
Andhra Pradesh,Kurnool,15.43759715142429,77.90086836581717,552,4053463,2039227,2014236,2127161,10081,816721,98.8,52.5
Andhra Pradesh,Mahbubnagar,16.639546224256293,77.98933089244859,538,4053028,2050386,2002642,1940646,6153,757821,97.7,47.9
Andhra Pradesh,Medak,17.889304978038055,78.13778901903379,535,3033288,1523030,1510258,1637137,8635,604719,99.2,54.0
Andhra Pradesh,Nalgonda,17.113250515463907,79.16984453608244,539,3488809,1759772,1729037,2001019,7715,789225,98.3,57.4
Andhra Pradesh,Nizamabad,18.429485849056604,78.07523490566035,533,2551335,1250641,1300694,1389810,5261,545913,104.0,54.5
Andhra Pradesh,Prakasam,15.489039001601704,80.11665790176184,549,3397448,1714764,1682684,1904435,6151,763746,98.1,56.1
Andhra Pradesh,Srikakulam,18.570900998697432,84.25874814010675,542,2703114,1341738,1361376,1495381,3988,615432,101.5,55.3
Andhra Pradesh,Vizianagaram,18.28329696032972,83.45982854198873,543,2344474,1161477,1182997,1238388,4453,527736,101.9,52.8
Andhra Pradesh,Warangal,18.01752608695651,79.87422028985509,540,3512576,1759281,1753295,2065023,12952,828077,99.7,58.8
Andhra Pradesh,West Godavari,16.63297943925236,81.45912990654196,546,3936966,1964918,1972048,2652389,12050,1017568,100.4,67.4
Arunachal Pradesh,Changlang,27.360484793388455,96.37552644628106,253,148226,76948,71278,73174,170,14593,92.6,49.4
Arunachal Pradesh,East Kameng,27.371194055944056,93.04741486013997,247,78690,38775,39915,38449,57,5318,102.9,48.9
Arunachal Pradesh,East Siang,28.153823529411756,95.06499226006191,251,99214,50116,49098,62576,450,14231,98.0,63.1
Arunachal Pradesh,Kurung Kumey,28.048533518005534,93.24531994459834,256,92076,45318,46758,36606,95,3911,103.2,39.8
Arunachal Pradesh,Lohit,27.946785273972623,96.59670770547945,259,145726,76221,69505,83062,312,17157,91.2,57.0
Arunachal Pradesh,Lower Dibang Valley,28.32651730103806,95.76567335640142,258,54080,28053,26027,31849,207,5932,92.8,58.9
Arunachal Pradesh,Lower Subansiri,27.70849297297297,93.96226108108112,255,83030,41843,41187,54057,381,12493,98.4,65.1
Arunachal Pradesh,Papum Pare,27.273529716981127,93.54468183962264,248,176573,89182,87391,121048,2477,30539,98.0,68.6
Arunachal Pradesh,Tawang,27.680683962264148,91.82504245283016,245,49977,29151,20826,26073,96,8635,71.4,52.2
Arunachal Pradesh,Tirap,26.94406229508198,95.41470327868862,254,111975,57604,54371,47974,98,16026,94.4,42.8
Arunachal Pradesh,Upper Siang,28.8309244897959,95.00155765306124,252,35320,18699,16621,18195,97,6198,88.9,51.5
Arunachal Pradesh,Upper Subansiri,28.277196566523585,93.8991435622318,249,83448,41758,41690,45278,139,5373,99.8,54.3
Arunachal Pradesh,West Kameng,27.46486582278483,92.65015750452083,246,83947,46155,37792,48492,202,14188,81.9,57.8
Arunachal Pradesh,West Siang,28.106296920289843,94.53510344202908,250,112274,58168,54106,64746,303,14204,93.0,57.7
Assam,Barpeta,26.427872264631056,90.97912010178116,303,1693622,867004,826618,897058,2078,84804,95.3,53.0
Assam,Bongaigaon,26.450125219941334,90.6734296187684,319,738804,375818,362986,434078,2523,49866,96.6,58.8
Assam,Cachar,24.815570668693017,92.86849650455927,316,1736617,886284,850333,1174128,5316,140205,95.9,67.6
Assam,Darrang,26.58463215962442,92.04141338028155,325,928500,475273,453227,487039,1166,45444,95.4,52.5
Assam,Dhemaji,27.586533438485816,94.71336908517353,308,686133,351249,334884,423028,1192,28195,95.3,61.7
Assam,Dibrugarh,27.30612284482757,95.0998282327587,310,1326335,676434,649901,884531,8817,136685,96.1,66.7
Assam,Goalpara,26.017277777777807,90.59869891598912,302,1008183,513292,494891,563577,1364,78641,96.4,55.9
Assam,Golaghat,26.377219709794485,93.82583397823468,313,1066888,543161,523727,721764,3073,82345,96.4,67.7
Assam,Hailakandi,24.457496089385486,92.59154664804475,318,659296,337890,321406,407366,1211,44143,95.1,61.8
Assam,Jorhat,26.76244824016563,94.30197722567289,312,1092256,556805,535451,794929,5651,122063,96.2,72.8
Assam,Kamrup,26.170939452054807,91.58863273972592,321,1517542,778461,739081,995319,3109,122191,94.9,65.6
Assam,Karbi Anglong,26.08966454598031,93.11536570271832,314,956313,490167,466146,557214,1923,53918,95.1,58.3
Assam,Karimganj,24.69660712250711,92.3679498575498,317,1228686,625864,602822,795297,1933,70951,96.3,64.7
Assam,Kokrajhar,26.497246635730868,90.13997470997688,300,887142,452905,434237,489305,1218,41373,95.9,55.2
Assam,Lakhimpur,27.141288059701495,94.0775949253732,307,1042137,529674,512463,683486,1948,60296,96.8,65.6
Assam,Nagaon,26.26462170626351,92.9306191144708,305,2823768,1439112,1384656,1710716,5121,195631,96.2,60.6
Assam,Nalbari,26.46323767605632,91.40598521126763,323,771639,396006,375633,531771,1631,68313,94.9,68.9
Assam,Sonitpur,26.73514926829268,92.85197804878044,306,1924110,983904,940206,1108572,4358,133368,95.6,57.6
Assam,Tinsukia,27.53549291139241,95.69055949367085,309,1327929,680231,647698,798322,5135,161718,95.2,60.1
Bihar,Araria,26.211528119180603,87.30766554934816,209,2811569,1463333,1348236,1195768,2561,43290,92.1,42.5
Bihar,Aurangabad,24.774291867469874,84.45986024096379,235,2540073,1318684,1221389,1466002,2362,44456,92.6,57.7
Bihar,Aurangabad,24.774291867469874,84.45986024096379,515,3701282,1924469,1776813,2503837,23258,589477,92.3,67.6
Bihar,Banka,24.832355642023337,86.8664916342413,225,2034763,1067140,967623,965321,1704,62359,90.7,47.4
Bihar,Begusarai,25.54302613168723,86.12560144032932,222,2970541,1567660,1402881,1548673,4644,120373,89.5,52.1
Bihar,Bhagalpur,25.277192885375474,87.04213814229242,224,3037766,1615663,1422103,1573066,6764,174534,88.0,51.8
Bihar,Bhojpur,25.50666439393939,84.49407803030304,231,2728407,1430380,1298027,1599151,3661,62153,90.7,58.6
Bihar,Buxar,25.48593018867924,84.08808081760995,232,1706352,887977,818375,989807,1784,46760,92.2,58.0
Bihar,Darbhanga,26.146187719298258,85.97387352472099,215,3937385,2059949,1877436,1816634,6280,127442,91.1,46.1
Bihar,Gaya,24.7266541547278,84.94291217765044,236,4391418,2266566,2124852,2297613,6856,112617,93.7,52.3
Bihar,Gopalganj,26.44874364161851,84.34636127167629,217,2562012,1267666,1294346,1382998,3707,69375,102.1,54.0
Bihar,Jamui,24.78418380462726,86.26316298200514,238,1760405,916064,844341,858588,1839,32633,92.2,48.8
Bihar,Jehanabad,25.155679045643165,84.9208124481328,239,1125313,585582,539731,618881,1106,27641,92.2,55.0
Bihar,Katihar,25.56565356037151,87.70466083591326,212,3071029,1600430,1470599,1280190,2941,60900,91.9,41.7
Bihar,Khagaria,25.53558891454964,86.56593256351037,223,1666886,883786,783100,768028,1580,40641,88.6,46.1
Bihar,Kishanganj,26.324336758321294,87.95045007235886,210,1690400,866970,823430,745056,1093,58718,95.0,44.1
Bihar,Lakhisarai,25.183449321266963,86.12825701357468,227,1000912,526345,474567,507270,1186,44491,90.2,50.7
Bihar,Madhepura,25.77341929460581,86.8978443983403,213,2001762,1047559,954203,834577,1397,23236,91.1,41.7
Bihar,Madhubani,26.41380538172716,86.16328360450552,207,4487379,2329313,2158066,2155338,5319,113281,92.6,48.0
Bihar,Munger,25.198537962962963,86.54173672839504,226,1367765,729041,638724,801817,2653,90461,87.6,58.6
Bihar,Muzaffarpur,26.18664417177915,85.32745092024543,216,4801062,2527497,2273565,2509232,10290,180651,90.0,52.3
Bihar,Nalanda,25.229345508982053,85.48053113772461,229,2877653,1497060,1380593,1519933,4156,101378,92.2,52.8
Bihar,Nawada,24.825708836206903,85.61594568965519,237,2219146,1144668,1074478,1091012,1841,31162,93.9,49.2
Bihar,Pashchim Champaran,27.16064352201258,84.30265911949685,203,3935042,2061110,1873932,1759481,3495,57546,90.9,44.7
Bihar,Patna,25.40297114503818,85.3198433587787,230,5838465,3078512,2759953,3459679,40692,546859,89.7,59.3
Bihar,Purba Champaran,26.68129336734693,85.00382155612242,204,5099371,2681209,2418162,2276957,7719,74979,90.2,44.7
Bihar,Purnia,25.81714801901739,87.40447606973065,211,3264619,1699370,1565249,1332326,4170,86058,92.1,40.8
Bihar,Rohtas,24.99170460829495,83.9350762672811,234,2959918,1543546,1416372,1799832,4594,114893,91.8,60.8
Bihar,Saharsa,25.821270696721303,86.54670819672135,214,1900661,997174,903487,804996,1668,41342,90.6,42.4
Bihar,Samastipur,25.793205563909765,85.94833323308269,221,4261566,2230003,2031563,2142880,5379,88021,91.1,50.3
Bihar,Saran,25.89656077844312,84.82266287425155,219,3951862,2022821,1929041,2157454,4509,94787,95.4,54.6
Bihar,Sheikhpura,25.12472436548223,85.77839390862943,228,636342,329743,306599,328676,631,20065,93.0,51.7
Bihar,Sheohar,26.458380748663107,85.29539411764709,205,656246,346673,309573,283698,478,10004,89.3,43.2
Bihar,Sitamarhi,26.56570069686413,85.61172491289203,206,3423574,1803252,1620322,1436794,3460,66263,89.9,42.0
Bihar,Siwan,26.1736372013652,84.33766552901022,218,3330464,1675090,1655374,1930175,3834,52935,98.8,58.0
Bihar,Supaul,26.28157893772896,86.78496465201461,208,2229076,1155283,1073793,1033283,1845,51028,92.9,46.4
Bihar,Vaishali,25.8134703180212,85.39247597173153,220,3495021,1844535,1650486,1926740,4810,70001,89.5,55.1
Chandigarh,Chandigarh,30.7426,76.75872465753424,55,1055450,580663,474787,805438,44283,231204,81.8,76.3
Chhattisgarh,Bastar,19.393866751269048,81.52895126903546,414,1413199,698487,714712,650863,1782,157646,102.3,46.1
Chhattisgarh,Bilaspur,22.356942982456143,81.99770350877188,30,381956,192764,189192,287620,1574,79146,98.1,75.3
Chhattisgarh,Bilaspur,22.356942982456143,81.99770350877188,406,2663629,1351574,1312055,1596560,8566,519704,97.1,59.9
Chhattisgarh,Dhamtari,20.554912627291245,81.7569195519348,412,799781,397897,401884,546833,1016,148926,101.0,68.4
Chhattisgarh,Durg,21.194463849287164,81.33181639511197,409,3343872,1682101,1661771,2303378,16141,614109,98.8,68.9
Chhattisgarh,Jashpur,22.772861676646695,83.8703962075848,402,851669,424747,426922,495415,567,76783,100.5,58.2
Chhattisgarh,Korba,22.491712499999995,82.57604326923074,404,1206640,612915,593725,748759,4544,202380,96.9,62.1
Chhattisgarh,Koriya,23.50412776859501,82.12515636363635,400,658917,334737,324180,397823,1667,80023,96.8,60.4
Chhattisgarh,Mahasamund,21.22372703777335,82.65925427435384,411,1032754,511967,520787,637963,961,212487,101.7,61.8
Chhattisgarh,Raigarh,22.008265068493166,83.27797698630134,403,1493984,750278,743706,951639,3342,297308,99.1,63.7
Chhattisgarh,Raigarh,22.008265068493166,83.27797698630134,520,2634200,1344345,1289855,1939994,38570,547206,95.9,73.6
Chhattisgarh,Raipur,20.88603153846152,82.20032759615388,410,4063872,2048186,2015686,2629749,20261,728556,98.4,64.7
Chhattisgarh,Surguja,23.32719278728607,83.23582493887531,401,2359886,1193129,1166757,1187941,2737,253131,97.8,50.3
Daman and Diu,Daman,20.43161666666667,72.8392366071429,495,191173,124659,66514,150348,1316,49249,53.4,78.6
Daman and Diu,Junagadh,20.72568199498111,70.83985639899612,479,2743082,1404356,1338726,1842818,6628,498326,95.3,67.2
Goa,North Goa,15.548723418714054,73.80667997909038,585,818008,416677,401331,663060,23440,173951,96.3,81.1
Goa,South Goa,15.195278658183785,73.941792596877,586,640537,322463,318074,502427,17624,138810,98.6,78.4
Gujarat,Ahmadabad,22.605425564971743,72.23898135593227,474,7214225,3788051,3426174,5435760,126341,1456046,90.4,75.3
Gujarat,Amreli,21.04832649310872,71.43457637825426,480,1514190,771049,743141,995459,2538,273331,96.4,65.7
Gujarat,Anand,22.282718206229863,72.57782051557454,482,2092745,1087224,1005521,1551253,9902,378310,92.5,74.1
Gujarat,Banas Kantha,24.258538965517253,71.93205252873561,469,3120506,1610379,1510127,1704923,3424,396873,93.8,54.6
Gujarat,Bharuch,21.757872762377612,72.67326346710801,488,1551019,805707,745312,1118276,10257,309091,92.5,72.1
Gujarat,Bhavnagar,21.702193903417356,72.16272632761141,481,2880365,1490201,1390164,1887255,7297,500757,93.3,65.5
Gujarat,Gandhinagar,23.193679790026255,72.67221679790026,473,1391753,723864,667889,1030494,12107,262539,92.3,74.0
Gujarat,Jamnagar,22.410600414263328,69.62062005768233,477,2160119,1114192,1045927,1396534,11573,386538,93.9,64.7
Gujarat,Junagadh,20.929523011609785,70.54733890140345,479,2743082,1404356,1338726,1842818,6628,498326,95.3,67.2
Gujarat,Kachchh,23.48057203301311,68.82192301497916,468,2092371,1096737,995634,1252319,9631,403294,90.8,59.9
Gujarat,Kheda,22.88765312500002,73.018803515625,483,2299885,1185727,1114158,1660243,5710,372226,94.0,72.2
Gujarat,Mahesana,23.529355452865065,72.45545194085031,471,2035064,1056520,978544,1502645,7759,385609,92.6,73.8
Gujarat,Narmada,21.706663862928337,73.68403208722742,487,590297,301086,289211,370336,576,101940,96.1,62.7
Gujarat,Navsari,20.866973318871995,72.86184869848157,490,1329672,678165,651507,1001909,6726,267679,96.1,75.4
Gujarat,Panch Mahals,22.80435606837605,73.61984598290586,484,2390776,1226961,1163815,1440805,3456,398937,94.9,60.3
Gujarat,Patan,23.80634198473284,71.75162977099237,470,1343734,694397,649337,837913,2231,223424,93.5,62.4
Gujarat,Porbandar,21.55092351651571,69.71896987722886,478,585449,300209,285240,393678,1653,117040,95.0,67.2
Gujarat,Rajkot,22.40603377715488,70.83679439383323,476,3804558,1974445,1830113,2725056,21785,747352,92.7,71.6
Gujarat,Sabar Kantha,23.71803594548552,73.13638790459964,472,2428589,1244231,1184358,1578734,5262,438606,95.2,65.0
Gujarat,Surat,21.25761372772093,72.93488716344339,492,6081322,3402224,2679098,4571410,55694,1252452,78.7,75.2
Gujarat,Surendranagar,22.82672007299272,71.48358740875906,475,1756268,909917,846351,1093626,2975,302068,93.0,62.3
Gujarat,The Dangs,20.801633877551023,73.6883518367347,489,228291,113821,114470,140968,137,29794,100.6,61.7
Gujarat,Vadodara,22.26133739279589,73.49433010291594,486,4165626,2153736,2011890,2893080,53606,798277,93.4,69.5
Gujarat,Valsad,20.44238231644259,72.9148584798345,491,1705678,887222,818456,1170657,11020,329218,92.2,68.6
Haryana,Ambala,30.3503672316384,76.94970310734456,70,1128350,598703,529647,818025,12899,199681,88.5,72.5
Haryana,Bhiwani,28.728868064516128,76.02110225806452,81,1634445,866672,767773,1069871,5292,266244,88.6,65.5
Haryana,Faridabad,28.14873109756098,77.32718536585368,88,1809733,966110,843623,1272739,43437,333171,87.3,70.3
Haryana,Fatehabad,29.572983185840716,75.54608716814157,78,942011,495360,446651,557578,3210,153301,90.2,59.2
Haryana,Gurgaon,28.043894789579163,77.01935130260523,86,1514432,816690,697742,1111116,67087,305751,85.4,73.4
Haryana,Hisar,29.23628731117825,75.84324682779452,80,1743931,931562,812369,1114311,10132,285004,87.2,63.9
Haryana,Jhajjar,28.59651868131869,76.61137142857145,83,958405,514667,443738,676091,5034,168558,86.2,70.5
Haryana,Jind,29.45149821958457,76.29598575667653,77,1334152,713006,621146,832758,5263,222462,87.1,62.4
Haryana,Kaithal,29.96068539094649,76.37698930041155,73,1074304,571003,503301,646529,3724,187349,88.1,60.2
Haryana,Karnal,29.703200647249204,76.87488025889972,74,1505324,797712,707612,978013,11163,267223,88.7,65.0
Haryana,Kurukshetra,30.05652659846548,76.78774680306903,72,964655,510976,453679,646893,7356,171908,88.8,67.1
Haryana,Mahendragarh,28.1352161458333,76.14018072916659,84,922088,486665,435423,630255,2624,135455,89.5,68.4
Haryana,Panchkula,30.700897142857137,76.97173238095236,69,561293,299679,261614,405318,18615,103455,87.3,72.2
Haryana,Panipat,29.34352134146342,76.92895914634147,75,1205437,646857,558580,786599,10024,209965,86.4,65.3
Haryana,Rewari,28.19164714828897,76.55956007604564,85,900332,474335,425997,636947,5121,152651,89.8,70.7
Haryana,Rohtak,28.892517647058817,76.53123235294117,82,1061204,568479,492725,747582,8482,193120,86.7,70.4
Haryana,Sirsa,29.635834463276836,74.90970480225988,79,1295189,682582,612607,782897,6287,215527,89.7,60.4
Himachal Pradesh,Bilaspur,31.3780422907489,76.65316079295157,30,381956,192764,189192,287620,1574,79146,98.1,75.3
Himachal Pradesh,Bilaspur,31.3780422907489,76.65316079295157,406,2663629,1351574,1312055,1596560,8566,519704,97.1,59.9
Himachal Pradesh,Chamba,32.66741814595661,76.39354063116366,23,519080,261320,257760,323842,1615,96082,98.6,62.4
Himachal Pradesh,Hamirpur,31.67668481012659,76.49767088607594,28,454768,217070,237698,358091,2521,104120,109.5,78.7
Himachal Pradesh,Hamirpur,31.67668481012659,76.49767088607594,168,1104285,593537,510748,653299,1196,55929,86.1,59.2
Himachal Pradesh,Kangra,32.14093603238864,76.41205910931173,24,1510075,750591,759484,1152640,8053,330081,101.2,76.3
Himachal Pradesh,Kinnaur,31.606671840659335,78.51613736263741,34,84121,46249,37872,60699,354,17865,81.9,72.2
Himachal Pradesh,Kullu,31.90911922077925,77.40922649350647,26,437903,225452,212451,307672,2623,91322,94.2,70.3
Himachal Pradesh,Mandi,31.635805940594057,76.96556930693067,27,999777,498065,501712,723747,5333,214491,100.7,72.4
Himachal Pradesh,Shimla,31.155725451807253,77.62573042168668,33,814010,425039,388971,612642,9177,172754,91.5,75.3
Himachal Pradesh,Sirmaur,30.682764453961443,77.43184689507493,32,529855,276289,253566,362645,2220,91509,91.8,68.4
Himachal Pradesh,Solan,31.038643119266037,76.94442140672783,31,580320,308754,271566,428578,5250,119866,88.0,73.9
Himachal Pradesh,Una,31.583303883495137,76.18353932038836,29,521173,263692,257481,399715,2412,105929,97.6,76.7
Jammu and Kashmir,Doda,33.359614675767915,76.07163720136518,16,409936,213641,196295,219083,596,61831,91.9,53.4
Jammu and Kashmir,Jammu,32.713199095022645,74.8477520361991,21,1529958,813821,716137,1137135,19905,294739,88.0,74.3
Jammu and Kashmir,Kargil,33.565994894894914,76.63675315315312,4,140802,77785,63017,86236,235,15824,81.0,61.2
Jammu and Kashmir,Kathua,32.51781678321678,75.58901398601404,7,616435,326109,290326,389204,1443,109422,89.0,63.1
Jammu and Kashmir,Pulwama,33.88414418604652,75.00921860465118,12,560440,293064,267376,293958,1537,73629,91.2,52.5
Jammu and Kashmir,Punch,33.791241290322574,74.29593161290322,5,476835,251899,224936,261724,346,62900,89.3,54.9
Jammu and Kashmir,Srinagar,34.27312898550724,75.11021159420288,10,1236829,651124,585705,748584,16413,165403,90.0,60.5
Jammu and Kashmir,Udhampur,33.04770670731707,75.15286951219511,19,554985,296784,258201,322354,1214,73999,87.0,58.1
Jharkhand,Bokaro,23.6814965034965,85.98398374125864,355,2062330,1072807,989523,1273520,9754,274726,92.2,61.8
Jharkhand,Chatra,24.116199457504532,84.93295804701627,347,1042886,533935,508951,510061,590,27037,95.3,48.9
Jharkhand,Deoghar,24.330701007556716,86.75697632241814,350,1492073,775022,717051,793538,1944,130193,92.5,53.2
Jharkhand,Dhanbad,23.854509090909097,86.40372924901185,354,2684487,1405956,1278531,1722204,11568,427173,90.9,64.2
Jharkhand,Dumka,24.275006125574265,87.27662450229711,362,1321442,668514,652928,672409,1193,62110,97.7,50.9
Jharkhand,Garhwa,24.082114689265527,83.68664265536722,346,1322784,683575,639209,653476,565,29373,93.5,49.4
Jharkhand,Giridih,24.30578509874329,86.08710915619386,349,2445474,1258098,1187376,1253475,1944,125431,94.4,51.3
Jharkhand,Godda,24.818899999999996,87.2941735483871,351,1313551,677927,635624,604519,874,43230,93.8,46.0
Jharkhand,Gumla,23.078532948929148,84.55056787479396,366,1025213,514390,510823,559720,831,31687,99.3,54.6
Jharkhand,Jamtara,23.978733180778015,86.95325080091534,363,791042,404830,386212,426312,808,49419,95.4,53.9
Jharkhand,Latehar,23.72511185840708,84.48298743362837,359,726978,369666,357312,350682,340,38194,96.7,48.2
Jharkhand,Lohardaga,23.488796043165483,84.6605169064748,356,461790,232629,229161,259707,351,28769,98.5,56.2
Jharkhand,Pakur,24.572604280821892,87.69691969178076,353,900422,452661,447761,352881,328,31414,98.9,39.2
Jharkhand,Palamu,24.196925968109337,84.20310842824594,358,1939869,1006302,933567,1024563,2155,68238,92.8,52.8
Jharkhand,Ranchi,23.184235061391547,85.31781937244203,364,2914253,1494937,1419316,1911433,22538,350908,94.9,65.6
Jharkhand,Sahibganj,24.93667989690721,87.68264097938142,352,1150567,589391,561176,483263,591,34879,95.2,42.0
Jharkhand,Simdega,22.608760391198057,84.59193691931536,367,599578,300309,299269,343483,423,16865,99.7,57.3
Karnataka,Bagalkot,16.15860676328503,75.64526070853468,556,1889752,950111,939641,1113412,3745,301389,98.9,58.9
Karnataka,Bangalore Rural,12.936827087794448,77.47369314775169,583,990923,509172,481751,688749,3729,214253,94.6,69.5
Karnataka,Belgaum,16.16107219152853,74.72329042357275,555,4779661,2423063,2356598,3052032,17560,808827,97.3,63.9
Karnataka,Bellary,15.074377548209377,76.47228471074374,565,2452595,1236954,1215641,1421621,9626,440374,98.3,58.0
Karnataka,Bidar,17.950361730769224,77.19459961538459,558,1703300,870665,832635,1042673,3971,271439,95.6,61.2
Karnataka,Bijapur,16.84015316666667,75.95909166666665,417,255230,128663,126567,86919,117,12516,98.4,34.1
Karnataka,Bijapur,16.84015316666667,75.95909166666665,557,2177331,1111022,1066309,1248268,4987,326594,96.0,57.3
Karnataka,Chikmagalur,13.425288289676422,75.67626502311249,570,1137961,566622,571339,818345,4510,238505,100.8,71.9
Karnataka,Chitradurga,14.29102220394736,76.57821957236843,566,1659456,840843,818613,1087392,5711,307257,97.4,65.5
Karnataka,Davanagere,14.330414586709884,75.91723841166937,567,1945497,986400,959097,1308540,7320,372671,97.2,67.3
Karnataka,Dharwad,15.343831376975173,75.13831264108359,562,1847023,937206,909817,1301664,15013,347962,97.1,70.5
Karnataka,Gadag,15.507128256880746,75.64861302752298,561,1064570,537147,527423,700177,3373,198064,98.2,65.8
Karnataka,Gulbarga,17.070459515951594,76.87503850385033,579,2566326,1301755,1264571,1427368,9752,404767,97.1,55.6
Karnataka,Hassan,12.945098749999998,76.11049549999997,574,1776421,883667,892754,1225256,4851,400702,101.0,69.0
Karnataka,Haveri,14.737582809224318,75.3961230607966,564,1597668,819128,778540,1085443,2456,295937,95.0,67.9
Karnataka,Kodagu,12.39684468085106,75.79336595744688,576,554519,274608,279911,412877,3308,113931,101.9,74.5
Karnataka,Kolar,13.312799881235172,78.01376947743476,581,1536401,776396,760005,1016219,5051,309494,97.9,66.1
Karnataka,Koppal,15.651253271028034,76.1617048598131,560,1389920,699926,689994,809085,2135,223166,98.6,58.2
Karnataka,Mandya,12.574901806239744,76.81570098522172,573,1805769,905085,900684,1149649,3367,391033,99.5,63.7
Karnataka,Mysore,12.248100259403367,76.52881802853437,577,3001127,1511600,1489527,1962180,28397,640868,98.5,65.4
Karnataka,Raichur,16.050795353982295,76.87368606194688,559,1928812,964511,964301,979769,5200,314547,100.0,50.8
Karnataka,Shimoga,14.063845885634592,75.17882078103197,568,1752753,877415,875338,1263016,8791,363835,99.8,72.1
Karnataka,Tumkur,13.592467760074973,77.02297966260545,571,2678980,1350594,1328386,1813391,7971,562769,98.4,67.7
Karnataka,Udupi,13.450404228534568,74.72009990316337,569,1177361,562131,615230,926429,9070,224814,109.4,78.7
Kerala,Alappuzha,9.542602965599087,76.38010796263319,598,2127789,1013142,1114647,1852797,28842,507913,110.0,87.1
Kerala,Ernakulam,10.004879301987431,76.26957729035381,595,3282388,1619557,1662831,2855676,88737,771287,102.7,87.0
Kerala,Idukki,9.80480963855423,77.04586641566264,596,1108974,552808,556166,923010,8250,244844,100.6,83.2
Kerala,Kannur,11.941523076923056,75.35209891725934,589,2523003,1181446,1341557,2138434,32653,511167,113.6,84.8
Kerala,Kasaragod,12.33310309912974,75.07768497134369,588,1307375,628613,678762,1037492,10378,237670,108.0,79.4
Kerala,Kollam,8.929388820570157,76.6360775852431,600,2635375,1246968,1388407,2240273,31542,630767,111.3,85.0
Kerala,Kottayam,9.643701174068417,76.46059673302705,597,1974551,968289,1006262,1749798,37849,464039,103.9,88.6
Kerala,Kozhikode,11.392924270557026,75.71158720159153,591,3086293,1470942,1615351,2615443,36791,641660,109.8,84.7
Kerala,Malappuram,10.97329875666072,75.93910775606876,592,4112920,1960328,2152592,3311315,27909,730119,109.8,80.5
Kerala,Palakkad,10.784926903553291,76.49980490693744,593,2809934,1359478,1450456,2239492,27162,587583,106.7,79.7
Kerala,Thiruvananthapuram,8.537101759082221,76.88711502868073,601,3301427,1581678,1719749,2785408,71621,783872,108.7,84.4
Kerala,Thrissur,10.458932647907687,76.12321940836945,594,3121200,1480763,1640437,2678548,56148,721625,110.8,85.8
Kerala,Wayanad,11.715277464788736,76.07587007042254,590,817420,401684,415736,645585,4712,149864,103.5,79.0
Madhya Pradesh,Anuppur,23.18184220430107,81.86560000000007,461,749237,379114,370123,436595,1290,81338,97.6,58.3
Madhya Pradesh,Ashoknagar,24.630988461538458,77.82974493927134,459,845071,443837,401234,469109,619,84720,90.4,55.5
Madhya Pradesh,Balaghat,21.80020720640569,80.42170053380796,457,1701698,842178,859520,1147623,1712,277927,102.1,67.4
Madhya Pradesh,Barwani,21.702135714285724,74.91004719710673,441,1385881,699340,686541,549926,1158,181139,98.2,39.7
Madhya Pradesh,Betul,21.964626315789474,77.7873428189117,447,1575362,799236,776126,939769,2109,230974,97.1,59.7
Madhya Pradesh,Bhind,26.35951126187245,78.7618324287653,420,1703005,926843,776162,1094917,1166,107819,83.7,64.3
Madhya Pradesh,Bhopal,23.480726143790857,77.39246623093679,444,2371061,1236130,1134931,1660690,40788,452912,91.8,70.0
Madhya Pradesh,Burhanpur,21.364567254408065,76.24460478589425,467,757847,388504,369343,408679,986,112420,95.1,53.9
Madhya Pradesh,Chhatarpur,24.813637376460004,79.56449299191374,425,1762375,936121,826254,943033,1880,176056,88.3,53.5
Madhya Pradesh,Chhindwara,22.227966971713823,78.76413136439254,455,2090922,1064468,1026454,1294198,3588,344875,96.4,61.9
Madhya Pradesh,Damoh,23.76624407960196,79.47049303482588,428,1264219,661873,602346,747715,1432,187731,91.0,59.1
Madhya Pradesh,Datia,25.90226439560441,78.63916571428574,422,786754,420157,366597,491445,616,97696,87.3,62.5
Madhya Pradesh,Dewas,22.7851110021322,76.46088805970157,437,1563715,805359,758356,925369,3518,270457,94.2,59.2
Madhya Pradesh,Dhar,22.572681718963153,75.1105620736698,438,2185793,1112725,1073068,1077338,2388,349639,96.4,49.3
Madhya Pradesh,Dindori,22.837384370477572,81.04332966714911,453,704524,351913,352611,378714,554,62372,100.2,53.8
Madhya Pradesh,Guna,24.49043927178156,77.2235895968791,458,1241519,649362,592157,653980,2482,144248,91.2,52.7
Madhya Pradesh,Gwalior,26.040744419642852,78.12782433035713,421,2032036,1090327,941709,1357210,15779,306859,86.4,66.8
Madhya Pradesh,Harda,22.227659781121783,77.07022571819435,448,570465,294838,275627,352550,986,95066,93.5,61.8
Madhya Pradesh,Hoshangabad,22.595268801996703,78.02168094841929,449,1241350,648725,592625,810644,2871,198076,91.4,65.3
Madhya Pradesh,Indore,22.680265752128648,75.9133801324502,439,3276697,1699627,1577070,2309130,48691,593576,92.8,70.5
Madhya Pradesh,Jabalpur,23.18525572327043,79.98328754716981,451,2463289,1277278,1186011,1756468,20443,452023,92.9,71.3
Madhya Pradesh,Jhabua,22.419578015397768,74.40921616766468,464,1025048,515023,510025,352081,744,125411,99.0,34.3
Madhya Pradesh,Katni,23.724416229116937,80.33819665871127,450,1292042,662013,630029,790773,2179,172416,95.2,61.2
Madhya Pradesh,Mandla,22.703487124463532,80.38600543633753,454,1054905,525272,529633,604962,912,143803,100.8,57.3
Madhya Pradesh,Mandsaur,24.19278764044944,75.43588667736759,433,1340411,682851,657560,834591,2324,239885,96.3,62.3
Madhya Pradesh,Morena,26.37313504531724,77.88447341389724,419,1965970,1068417,897553,1179685,1781,131486,84.0,60.0
Madhya Pradesh,Neemuch,24.703118933333357,75.06608186666664,432,826067,422653,403414,508834,1945,145258,95.4,61.6
Madhya Pradesh,Panna,24.451325840092657,80.21133001158752,426,1016520,533480,483040,552559,653,76097,90.5,54.4
Madhya Pradesh,Raisen,23.292518206521724,78.16305495923909,446,1331597,700358,631239,820220,1141,194373,90.1,61.6
Madhya Pradesh,Rajgarh,23.785499026425583,76.66431223922116,442,1545814,790212,755602,804245,1611,231130,95.6,52.0
Madhya Pradesh,Ratlam,23.503562290502792,75.14895782122909,434,1455069,738241,716828,825880,3644,213825,97.1,56.8
Madhya Pradesh,Rewa,24.861184625158856,81.57572465057183,430,2365106,1225100,1140006,1441757,3406,251132,93.1,61.0
Madhya Pradesh,Sagar,23.800318709677377,78.71940357771273,427,2378458,1256257,1122201,1545719,4546,366494,89.3,65.0
Madhya Pradesh,Satna,24.62777621776502,80.75547048710598,429,2228935,1157495,1071440,1371781,3754,294702,92.6,61.5
Madhya Pradesh,Sehore,22.9297199679658,77.06780202883085,445,1311332,683743,627589,780362,1566,212138,91.8,59.5
Madhya Pradesh,Seoni,22.33230487804874,79.66053863928111,456,1379131,695879,683252,864194,1182,228695,98.2,62.7
Madhya Pradesh,Shahdol,23.44859864559819,81.4596831828442,460,1066063,540021,526042,604194,1733,113184,97.4,56.7
Madhya Pradesh,Shajapur,23.566620317220547,76.33555181268885,436,1512681,780520,732161,894612,1382,232735,93.8,59.1
Madhya Pradesh,Sheopur,25.78014810996563,77.16911116838484,418,687861,361784,326077,328025,273,74770,90.1,47.7
Madhya Pradesh,Shivpuri,25.37802451874367,77.74861600810549,423,1726050,919795,806255,900846,1852,148128,87.7,52.2
Madhya Pradesh,Sidhi,24.175471899529057,82.1053783359498,462,1127033,575912,551121,600785,837,102228,95.7,53.3
Madhya Pradesh,Tikamgarh,25.14099852104666,78.89357064846428,424,1445166,760355,684811,747940,1090,132725,90.1,51.8
Madhya Pradesh,Ujjain,23.319288862745065,75.80383717647058,435,1986864,1016289,970575,1240990,7501,323379,95.5,62.5
Madhya Pradesh,Umaria,23.59601063063061,80.90879477477475,431,644758,330674,314084,356672,839,67975,95.0,55.3
Madhya Pradesh,Vidisha,23.828383079847917,77.9013507604563,443,1458875,769568,689307,862918,1926,181510,89.6,59.1
Maharashtra,Akola,20.746310479041902,77.12122320359276,501,1813906,932334,881572,1411281,6163,314490,94.6,77.8
Maharashtra,Amravati,21.16520991810736,77.67583503184723,503,2888445,1480768,1407677,2251875,9438,512492,95.1,78.0
Maharashtra,Aurangabad,20.097922883295197,75.32072196796334,235,2540073,1318684,1221389,1466002,2362,44456,92.6,57.7
Maharashtra,Aurangabad,20.097922883295197,75.32072196796334,515,3701282,1924469,1776813,2503837,23258,589477,92.3,67.6
Maharashtra,Bhandara,21.211792649727748,80.10950199637024,506,1200334,605520,594814,899860,2932,227025,98.2,75.0
Maharashtra,Bid,18.952353340080982,75.69319706477731,523,2585049,1349106,1235943,1718507,5614,402052,91.6,66.5
Maharashtra,Buldana,20.56680611183355,76.39017880364096,500,2586258,1337560,1248698,1879874,4767,423036,93.4,72.7
Maharashtra,Chandrapur,20.095609090909075,79.31556380471388,509,2204307,1123834,1080473,1578615,8239,418666,96.1,71.6
Maharashtra,Dhule,21.274018690400514,74.58719071837263,498,2050862,1054031,996831,1293916,6065,315332,94.6,63.1
Maharashtra,Gondiya,21.225008411214993,80.17522698598128,507,1322507,661554,660953,1004243,2866,239981,99.9,75.9
Maharashtra,Hingoli,19.59525302245251,77.09239412780653,512,1177345,606294,571051,790743,1221,159114,94.2,67.2
Maharashtra,Jalgaon,20.8828943415638,75.55140421810695,499,4229917,2197365,2032552,2891882,14297,720791,92.5,68.4
Maharashtra,Jalna,19.984612534818933,75.98473607242339,514,1959046,1011473,947573,1195523,3791,288895,93.7,61.0
Maharashtra,Kolhapur,16.44881301587301,74.12897150793648,530,3876001,1980658,1895343,2825845,22269,770005,95.7,72.9
Maharashtra,Latur,18.348687268993856,76.75812607802874,524,2454196,1273140,1181056,1650672,6217,381722,92.8,67.3
Maharashtra,Nagpur,21.196556862745105,79.02166176470584,505,4653570,2384975,2268595,3673808,57964,917626,95.1,78.9
Maharashtra,Nanded,19.209316983017,77.6829048951049,511,3361292,1730075,1631217,2189425,7548,488748,94.3,65.1
Maharashtra,Nandurbar,21.523175625248147,74.32638757443429,497,1648295,833170,815125,906509,2579,186202,97.8,55.0
Maharashtra,Nashik,20.266912871287143,74.03824168316828,516,6107187,3157186,2950001,4345366,45039,904710,93.4,71.2
Maharashtra,Osmanabad,18.194594560669437,75.99495575313809,525,1657576,861535,796041,1137810,3209,240042,92.4,68.6
Maharashtra,Parbhani,19.31032425249168,76.70163338870431,513,1836086,942870,893216,1157814,3982,272486,94.7,63.1
Maharashtra,Pune,18.51696171428573,74.12922881632647,521,9429408,4924105,4505303,7171723,235018,1925019,91.5,76.1
Maharashtra,Raigarh,18.453257637845976,73.0090609418579,403,1493984,750278,743706,951639,3342,297308,99.1,63.7
Maharashtra,Raigarh,18.453257637845976,73.0090609418579,520,2634200,1344345,1289855,1939994,38570,547206,95.9,73.6
Maharashtra,Ratnagiri,17.210195070127703,73.25725893866404,528,1615069,761121,853948,1199392,7752,367352,112.2,74.3
Maharashtra,Sangli,17.154930181086502,74.70713822937628,531,2822143,1435728,1386415,2049467,13212,485126,96.6,72.6
Maharashtra,Satara,17.6737908974359,74.18052064102558,527,3003741,1510842,1492899,2225694,14093,562653,98.8,74.1
Maharashtra,Sindhudurg,16.170948049777163,73.51329008172343,529,849651,417332,432319,666067,3517,194228,103.6,78.4
Maharashtra,Solapur,17.837357937584812,75.42394823609216,526,4317756,2227852,2089904,2910676,15145,595560,93.8,67.4
Maharashtra,Thane,19.698767747440264,72.79882742564581,517,11060148,5865078,5195070,8227161,256170,2231800,88.6,74.4
Maharashtra,Wardha,20.80743024390242,78.57259105691062,504,1300774,668385,632389,1019458,4313,266155,94.6,78.4
Maharashtra,Washim,20.282282394366213,77.25502394366208,502,1197160,620302,576858,869917,1875,196022,93.0,72.7
Maharashtra,Yavatmal,20.04258346738159,78.05326371760479,510,2772348,1419965,1352383,2022574,6094,446516,95.2,73.0
Manipur,Bishnupur,24.50712111801243,93.8246236024845,275,237399,118782,118617,156333,676,34364,99.9,65.9
Manipur,Chandel,24.2635812987013,94.09443844155844,280,144182,74579,69603,90302,184,18764,93.3,62.6
Manipur,Churachandpur,24.30309718875504,93.38671506024085,274,274143,138820,135323,195935,837,29894,97.5,71.5
Manipur,Senapati,25.08465586034914,94.03366234413956,272,479148,247323,231825,264477,256,22798,93.7,55.2
Manipur,Tamenglong,24.98312942238265,93.49450740072204,273,140651,72371,68280,85006,125,11541,94.3,60.4
Manipur,Thoubal,24.545392553191498,93.97959893617023,276,422168,210845,211323,269304,880,49507,100.2,63.8
Manipur,Ukhrul,25.059003149606298,94.44129566929138,279,183998,94718,89280,129829,276,14026,94.3,70.6
Meghalaya,East Garo Hills,25.82728228228228,90.64684924924916,294,317917,161223,156694,192147,288,24550,97.2,60.4
Meghalaya,East Khasi Hills,25.303763888888884,91.75922519841272,298,825922,410749,415173,578030,5032,135941,101.1,70.0
Meghalaya,Jaintia Hills,25.33959557069844,92.37608160136298,299,395124,196285,198839,187527,510,41677,101.3,47.5
Meghalaya,South Garo Hills,25.240568578553617,90.64560349127176,295,142334,73170,69164,82062,179,10940,94.5,57.7
Meghalaya,West Garo Hills,25.495285185185185,90.03709947089942,293,643291,324159,319132,358702,1630,51301,98.4,55.8
Meghalaya,West Khasi Hills,25.500889926739926,91.25364542124538,296,383461,193715,189746,230678,149,32873,98.0,60.2
Mizoram,Aizawl,23.907813354531015,92.85359459459472,283,400309,199270,201039,340595,4019,79804,100.9,85.1
Mizoram,Champhai,23.54166580976866,93.24221799485862,284,125745,63388,62357,100802,186,23948,98.4,80.2
Mizoram,Kolasib,24.202000434782597,92.73470391304348,282,83955,42918,41037,65895,367,14853,95.6,78.5
Mizoram,Lawngtlai,22.361028431372535,92.66964156862753,287,117894,60599,57295,62861,162,9283,94.5,53.3
Mizoram,Lunglei,23.007717036172675,92.63512555425892,286,161428,82891,78537,121122,482,26394,94.7,75.0
Mizoram,Mamit,23.73852942502819,92.4330803833147,281,86364,44828,41536,60191,90,12158,92.7,69.7
Mizoram,Saiha,22.35744801061008,93.02827931034489,288,56574,28594,27980,42233,168,7400,97.9,74.7
Mizoram,Serchhip,23.263864705882344,92.914158496732,285,64937,32851,32086,54476,131,12315,97.7,83.9
Nagaland,Dimapur,25.814176811594223,93.75074057971014,265,378811,197394,181417,278037,3303,71413,91.9,73.4
Nagaland,Kohima,25.60311428571428,93.78600657596373,270,267988,138966,129022,197489,1928,50724,92.8,73.7
Nagaland,Mokokchung,26.478911764705888,94.522426006192,262,194622,101092,93530,159494,537,40154,92.5,82.0
Nagaland,Mon,26.69207374301676,95.03072988826828,261,250260,131753,118507,119626,178,14398,89.9,47.8
Nagaland,Phek,25.63272986577182,94.56814563758392,266,163418,83743,79675,105893,170,36182,95.1,64.8
Nagaland,Tuensang,26.211044532803157,94.85809880715708,267,196596,101933,94663,117511,155,24998,92.9,59.8
Nagaland,Wokha,26.202611551155112,94.1990815181518,264,166343,84505,81838,128208,198,25268,96.8,77.1
Nagaland,Zunheboto,26.028178205128206,94.50026666666668,263,140757,71217,69540,102881,261,28846,97.6,73.1
Orissa,Baleshwar,21.48570932311624,87.08085828011933,377,2320529,1185787,1134742,1621232,7370,296834,95.7,69.9
Orissa,Bhadrak,20.95262735257214,86.81496204516931,378,1506337,760260,746077,1094140,2637,164636,98.1,72.6
Orissa,Cuttack,20.407640646029623,85.7776810228802,381,2624470,1352760,1271710,2011469,15046,349587,94.0,76.6
Orissa,Dhenkanal,20.798871593533494,85.53226836027711,383,1192811,612593,580218,829910,1810,117172,94.7,69.6
Orissa,Gajapati,19.121080882352945,84.14015091911759,389,577817,282882,294935,262537,635,63112,104.3,45.4
Orissa,Ganjam,19.263261756453396,84.80297710437702,388,3529031,1779218,1749813,2210050,9049,405298,98.3,62.6
Orissa,Jharsuguda,21.827058566978184,83.93581682242987,371,579505,296690,282815,405879,2498,81433,95.3,70.0
Orissa,Kalahandi,19.784253092783523,83.1124043814433,395,1576869,787101,789768,802036,1953,91171,100.3,50.9
Orissa,Kandhamal,20.092878624813142,84.02216352765326,390,733110,359945,373165,399786,768,28736,103.7,54.5
Orissa,Kendrapara,20.606319815982264,86.83763247572003,379,1440361,717814,722547,1089265,1628,173107,100.7,75.6
Orissa,Khordha,20.054162322274863,85.52234834123229,386,2251673,1167137,1084536,1749936,35701,349860,92.9,77.7
Orissa,Koraput,18.82627794779476,82.81278469846964,398,1379647,678809,700838,568090,3988,85766,103.2,41.2
Orissa,Malkangiri,18.25227930367506,81.98293636363628,399,613192,303624,309568,244706,448,24604,102.0,39.9
Orissa,Mayurbhanj,21.89762154515775,86.4030408052231,376,2519738,1256213,1263525,1369397,2950,140189,100.6,54.3
Orissa,Nayagarh,20.192895622119817,85.05614700460825,385,962789,502636,460153,688362,1163,124984,91.5,71.5
Orissa,Nuapada,20.471309512195113,82.59152536585364,394,610382,301962,308420,299383,757,43976,102.1,49.0
Orissa,Puri,19.835091746031775,85.86698989898981,387,1698730,865380,833350,1291939,3416,201605,96.3,76.1
Orissa,Rayagada,19.292840020060204,83.45860120361095,396,967911,471960,495951,407735,1553,61543,105.1,42.1
Orissa,Sambalpur,21.515752380952385,84.34958483245157,372,1041099,526877,514222,703691,5231,126498,97.6,67.6
Orissa,Sundargarh,22.06354819277107,84.50524819277099,374,2093437,1061147,1032290,1342322,12787,223537,97.3,64.1
Puducherry,Karaikal,10.876161726078813,79.82369793621002,637,200222,97809,102413,154916,1868,47880,104.7,77.4
Puducherry,Mahe,12.006420793787758,75.28275021570326,636,41816,19143,22673,36470,574,7150,118.4,87.2
Puducherry,Yanam,16.707695652173904,82.26187304347832,634,55626,27301,28325,39274,207,12859,103.8,70.6
Punjab,Amritsar,31.548679820627775,74.79883856502238,49,2490656,1318408,1172248,1684770,29961,461231,88.9,67.6
Punjab,Bathinda,30.190524611973352,75.05685898004438,46,1388525,743197,645328,844868,11284,255650,86.8,60.8
Punjab,Faridkot,30.591187250996025,74.79751553784862,45,617508,326671,290837,381285,4348,113549,89.0,61.7
Punjab,Fatehgarh Sahib,30.64290947368421,76.36208394736842,40,600163,320795,279368,426033,5138,113683,87.1,71.0
Punjab,Firozpur,30.63407535211269,74.40245732394365,43,2029074,1071637,957437,1227511,10042,349662,89.3,60.5
Punjab,Gurdaspur,32.04283371212125,75.3204064393939,35,2298323,1212617,1085706,1634719,14428,411216,89.5,71.1
Punjab,Hoshiarpur,31.55157169811319,75.8469857442349,38,1586625,809057,777568,1199699,13747,319930,96.1,75.6
Punjab,Jalandhar,31.250336907216507,75.54400350515463,37,2193590,1145211,1048379,1622537,39082,446200,91.5,74.0
Punjab,Kapurthala,31.336592638036834,75.47641165644177,36,815168,426311,388857,576567,9732,161206,91.2,70.7
Punjab,Ludhiana,30.76596397379912,75.83110851528383,41,3498739,1867816,1630923,2560225,58589,703624,87.3,73.2
Punjab,Mansa,29.919547714285724,75.4304922857143,47,769751,408732,361019,423560,2673,140099,88.3,55.0
Punjab,Moga,30.756540067340065,75.1600845117845,42,995746,525920,469826,627889,7897,183396,89.3,63.1
Punjab,Muktsar,30.31243303303303,74.5518747747748,44,901896,475622,426274,524848,4571,166585,89.6,58.2
Punjab,Patiala,30.214540380693364,76.27505893949697,48,1895686,1002522,893164,1266791,24274,352929,89.1,66.8
Punjab,Rupnagar,30.910937330754347,76.53743500967126,51,684627,357485,327142,502731,6600,129123,91.5,73.4
Punjab,Sangrur,30.185045204336895,75.89437014178496,53,1655169,878029,777140,1002077,10736,305557,88.5,60.5
Rajasthan,Ajmer,26.199300378787903,74.6990419191919,119,2583052,1324085,1258967,1526673,13499,393498,95.1,59.1
Rajasthan,Alwar,27.55271738035265,76.65359630562563,104,3674179,1939026,1735153,2182476,9750,485723,89.5,59.4
Rajasthan,Banswara,23.453642032967014,74.44246868131869,125,1797485,907754,889731,829343,2324,120603,98.0,46.1
Rajasthan,Baran,24.980232432432437,76.86210651828291,128,1222755,633945,588810,693307,1363,161310,92.9,56.7
Rajasthan,Barmer,25.77070908045978,71.50297126436782,115,2603751,1369022,1234729,1188322,2766,126494,90.2,45.6
Rajasthan,Bharatpur,27.32411858037578,77.21752077244258,105,2548462,1355726,1192736,1480869,4179,288723,88.0,58.1
Rajasthan,Bhilwara,25.451197677595637,74.63947595628417,122,2408523,1220736,1187787,1256126,6207,373644,97.3,52.2
Rajasthan,Bikaner,28.124890683229815,73.26943322981371,101,2363937,1240801,1123136,1278801,7607,220793,90.5,54.1
Rajasthan,Bundi,25.48580716049379,75.79984074074079,121,1110906,577160,533746,585044,1392,136969,92.5,52.7
Rajasthan,Chittaurgarh,24.631623761665463,74.80010997846382,126,1544338,783171,761167,821825,4941,268172,97.2,53.2
Rajasthan,Churu,28.29330375536484,74.65846427038629,102,2039547,1051446,988101,1149269,2577,231696,94.0,56.3
Rajasthan,Dausa,26.91234817629181,76.57342097264443,109,1634409,857787,776622,938051,1719,195277,90.5,57.4
Rajasthan,Dhaulpur,26.723970549450534,77.74476219780222,106,1206516,653647,552869,683098,1330,96086,84.6,56.6
Rajasthan,Dungarpur,23.751048076923077,73.84765641025645,124,1388552,696532,692020,681591,1477,141275,99.4,49.1
Rajasthan,Ganganagar,29.256785412667963,73.56192303262948,99,1969168,1043340,925828,1193343,6295,283142,88.7,60.6
Rajasthan,Hanumangarh,29.1813351791531,74.74632573289902,100,1774692,931184,843508,1034136,3360,243163,90.6,58.3
Rajasthan,Jaipur,27.033459290187885,75.77117286012533,110,6626178,3468507,3157671,4300965,76565,990085,91.0,64.9
Rajasthan,Jaisalmer,26.86900838548185,71.18371877346682,114,669919,361708,308211,308653,754,43141,85.2,46.1
Rajasthan,Jalor,25.07578093797277,72.18647261724662,116,1828730,936634,892096,829582,1585,161845,95.2,45.4
Rajasthan,Jhalawar,24.247255414746572,76.11242891705065,129,1411129,725143,685986,739792,1750,220428,94.6,52.4
Rajasthan,Jhunjhunun,28.13517401247401,75.52840893970894,103,2137045,1095896,1041149,1370360,4828,297559,95.0,64.1
Rajasthan,Jodhpur,26.678460838536967,73.00450847457628,113,3687165,1923928,1763237,2031532,19335,408808,91.6,55.1
Rajasthan,Karauli,26.51901555555556,76.96081818181815,107,1458248,783639,674609,805849,1059,132079,86.1,55.3
Rajasthan,Kota,25.175718080000017,76.18618928000001,127,1951014,1021161,929853,1298345,12843,339899,91.1,66.5
Rajasthan,Nagaur,27.07862016048146,74.14215667001012,112,3307743,1696325,1611418,1758624,4449,347344,95.0,53.2
Rajasthan,Pali,25.80490393541874,73.55285640766907,118,2037573,1025422,1012151,1085693,4043,326793,98.7,53.3
Rajasthan,Rajsamand,25.24894767441859,73.96570215946844,123,1156597,581339,575258,619139,1989,193276,99.0,53.5
Rajasthan,Sawai Madhopur,26.251081180223288,76.4219283891548,108,1335551,704031,631520,741748,1887,140947,89.7,55.5
Rajasthan,Sikar,27.646440586419757,75.29317422839503,111,2677333,1374990,1302343,1652117,5647,339457,94.7,61.7
Rajasthan,Sirohi,24.7976905263158,72.75309131578943,117,1036346,534231,502115,476806,2146,134089,94.0,46.0
Rajasthan,Tonk,26.153935071707927,75.79192216427637,120,1421326,728136,693190,749659,1908,158264,95.2,52.7
Rajasthan,Udaipur,24.44076752136749,73.84029839743584,130,3068420,1566801,1501619,1582629,14211,357846,95.8,51.6
Sikkim,East,27.29600352941175,88.74908392156858,93,1709346,907500,801846,1352998,80037,352758,88.4,79.2
Tamil Nadu,Ariyalur,11.190514836795256,79.22249643916912,616,754894,374703,380191,480604,1749,177502,101.5,63.7
Tamil Nadu,Chennai,13.058098905608748,80.28139151846806,603,4646732,2335844,2310888,3776276,217368,1096334,98.9,81.3
Tamil Nadu,Coimbatore,10.871376995940452,77.07619012178621,632,3458045,1729297,1728748,2635907,63273,896325,100.0,76.2
Tamil Nadu,Cuddalore,11.57587300613498,79.63002365371497,617,2605914,1311697,1294217,1815281,15396,598412,98.7,69.7
Tamil Nadu,Dharmapuri,12.300141200000006,78.11509813333339,630,1506843,774303,732540,917709,3651,337972,94.6,60.9
Tamil Nadu,Dindigul,10.377801390820574,77.78011279554937,612,2159775,1080938,1078837,1481834,9155,500057,99.8,68.6
Tamil Nadu,Erode,11.267012155963302,77.42034334862392,610,2251744,1129868,1121876,1492662,18604,595211,99.3,66.3
Tamil Nadu,Kancheepuram,12.496424756511884,80.08820360135913,604,3998252,2012958,1985294,3013382,100322,961161,98.6,75.4
Tamil Nadu,Kanniyakumari,8.183466300191206,77.32053064053538,629,1870374,926345,944029,1548738,15673,465692,101.9,82.8
Tamil Nadu,Karur,10.79532776617955,78.08749686847604,613,1064493,528184,536309,727044,4915,264949,101.5,68.3
Tamil Nadu,Madurai,9.904313833333331,78.01366033333332,623,3038252,1526475,1511777,2273430,34097,754141,99.0,74.8
Tamil Nadu,Nagapattinam,10.789468161718286,79.79437299431483,618,1616450,798127,818323,1213008,5585,381940,102.5,75.0
Tamil Nadu,Namakkal,11.33766638477801,78.14624841437633,609,1726601,869280,857321,1176131,8960,441044,98.6,68.1
Tamil Nadu,Perambalur,11.260137758112096,78.86034011799416,615,565223,282157,283066,375823,1507,135751,100.3,66.5
Tamil Nadu,Pudukkottai,10.130514816433578,79.05444484265728,621,1618345,803188,815157,1110545,4494,354493,101.5,68.6
Tamil Nadu,Ramanathapuram,9.31286995153476,78.99185362412462,626,1353445,682658,670787,978946,5172,291400,98.3,72.3
Tamil Nadu,Salem,11.629324202127655,78.2478257978723,608,3482056,1781571,1700485,2285562,20660,835377,95.4,65.6
Tamil Nadu,Sivaganga,9.960306580645158,78.56535729032255,622,1339101,668672,670429,959744,5773,314270,100.3,71.7
Tamil Nadu,Thanjavur,10.387692255892237,79.3194869107745,620,2405890,1182416,1223474,1790998,13495,555582,103.5,74.4
Tamil Nadu,Theni,9.924066666666668,77.43458833333332,624,1245899,625683,620216,870080,4667,312310,99.1,69.8
Tamil Nadu,Thiruvallur,13.275858101752885,80.19724702864492,602,3728104,1876062,1852042,2791721,75634,909400,98.7,74.9
Tamil Nadu,Thiruvarur,10.368927409395978,79.60322893959727,619,1264277,626693,637584,946471,4416,303114,101.7,74.9
Tamil Nadu,Tiruvannamalai,12.419318947368414,79.23265631578953,606,2464875,1235889,1228986,1626813,6445,549077,99.4,66.0
Tamil Nadu,Vellore,12.784882632293078,79.02643283582084,605,3936331,1961688,1974643,2773928,20623,865913,100.7,70.5
Tamil Nadu,Virudhunagar,9.468872195892564,77.87641469194315,625,1942288,967709,974579,1398788,10219,505950,100.7,72.0
Tripura,Dhalai,23.781360477941163,91.94654283088232,291,378230,194544,183686,276217,273,46875,94.4,73.0
Tripura,North Tripura,24.121739755351683,92.17842538226292,292,693947,352860,341087,520402,997,81601,96.7,75.0
Tripura,South Tripura,23.211874098057383,91.6065807585568,290,876001,447544,428457,646810,948,133744,95.7,73.8
Tripura,West Tripura,23.780166241299337,91.41310788863107,289,1725739,879428,846311,1361354,6394,314567,96.2,78.9
Uttar Pradesh,Agra,26.995129749103935,78.05278291517321,146,4418797,2364953,2053844,2680510,27183,536402,86.8,60.7
Uttar Pradesh,Aligarh,27.937485768500935,78.00146831119557,143,3673889,1951996,1721893,2092567,13634,268120,88.2,57.0
Uttar Pradesh,Allahabad,25.392038662316445,82.05172446982063,175,5954391,3131807,2822584,3665727,24122,391542,90.1,61.6
Uttar Pradesh,Ambedkar Nagar,26.39119025974028,82.68282142857147,178,2397888,1212410,1185478,1486939,2509,99581,97.8,62.0
Uttar Pradesh,Auraiya,26.66892394014961,79.42637057356607,162,1379545,740040,639505,930836,2404,65479,86.4,67.5
Uttar Pradesh,Azamgarh,26.00829095477383,83.01220251256285,191,4613913,2285004,2328909,2771917,6652,183381,101.9,60.1
Uttar Pradesh,Baghpat,29.045793499999988,77.30266300000001,139,1303048,700070,602978,797970,2989,119121,86.1,61.2
Uttar Pradesh,Bahraich,27.691776300578027,81.46779783237004,180,3487731,1843884,1643847,1398368,2681,85814,89.2,40.1
Uttar Pradesh,Ballia,25.86075638297873,84.03651978723408,193,3239774,1672902,1566872,1963590,4672,119972,93.7,60.6
Uttar Pradesh,Balrampur,27.449076537911324,82.47158326180256,182,2148665,1114721,1033944,868357,1551,57400,92.8,40.4
Uttar Pradesh,Banda,25.351885902503284,80.52487391304344,170,1799410,965876,833534,1002937,1655,73522,86.3,55.7
Uttar Pradesh,Bara Banki,26.922777025232424,81.35762350597606,176,3260699,1707073,1553626,1692458,3159,108116,91.0,51.9
Uttar Pradesh,Bareilly,28.51101940789474,79.43187072368416,150,4448359,2357665,2090694,2191759,15164,272830,88.7,49.3
Uttar Pradesh,Basti,26.833880454545447,82.69790590909092,185,2464464,1255272,1209192,1393783,3423,108101,96.3,56.6
Uttar Pradesh,Bijnor,29.313974259681096,78.45098815489754,134,3682713,1921215,1761498,2135393,7303,268353,91.7,58.0
Uttar Pradesh,Bulandshahr,28.348758620689676,78.01082758620684,142,3499171,1845260,1653911,2031656,7865,223922,89.6,58.1
Uttar Pradesh,Chandauli,25.1180859611231,83.25307062634984,196,1952756,1017905,934851,1174606,3492,99602,91.8,60.2
Uttar Pradesh,Chitrakoot,25.159924623803,81.07666087551297,171,991730,527721,464009,531072,827,41046,87.9,53.6
Uttar Pradesh,Deoria,26.422188565488575,83.8244070686071,190,3100946,1537436,1563510,1875239,4469,150001,101.7,60.5
Uttar Pradesh,Etah,27.591155309734443,78.70021858407083,201,1774480,947339,827141,1055202,2635,69591,87.3,59.5
Uttar Pradesh,Etawah,26.78817670157068,79.07621806282728,161,1581810,845856,735954,1062003,2964,113098,87.0,67.1
Uttar Pradesh,Faizabad,26.60589185185181,82.00783530864202,177,2470996,1259628,1211368,1450901,4746,127754,96.2,58.7
Uttar Pradesh,Farrukhabad,27.45063297872342,79.4406284574468,159,1885204,1006240,878964,1092677,2624,88081,87.4,58.0
Uttar Pradesh,Fatehpur,25.8374362030905,80.85416203090509,172,2632733,1384722,1248011,1512166,3385,75263,90.1,57.4
Uttar Pradesh,Firozabad,27.20963993055552,78.42660624999998,147,2498156,1332046,1166110,1521806,5834,196080,87.5,60.9
Uttar Pradesh,Gautam Buddha Nagar,28.39331103896103,77.52462467532465,141,1648115,890214,757901,1122947,53181,257586,85.1,68.1
Uttar Pradesh,Ghaziabad,28.74997308584685,77.67441879350343,140,4681645,2488834,2192811,3123264,78116,695130,88.1,66.7
Uttar Pradesh,Ghazipur,25.624724775583484,83.5360854578097,195,3620268,1855075,1765193,2197549,5309,105767,95.2,60.7
Uttar Pradesh,Gonda,27.157215552099505,82.0226888024882,183,3433919,1787146,1646773,1679994,4313,104084,92.1,48.9
Uttar Pradesh,Gorakhpur,26.63315886792452,83.3549560377358,188,4440895,2277777,2163118,2700328,14597,296619,95.0,60.8
Uttar Pradesh,Hamirpur,25.738158381502895,79.82619479768789,28,454768,217070,237698,358091,2521,104120,109.5,78.7
Uttar Pradesh,Hamirpur,25.738158381502895,79.82619479768789,168,1104285,593537,510748,653299,1196,55929,86.1,59.2
Uttar Pradesh,Hardoi,27.337409090909137,80.26411767676768,155,4092845,2191442,1901403,2221601,3845,95508,86.8,54.3
Uttar Pradesh,Jalaun,26.067954587155988,79.36686911314993,165,1689974,906092,783882,1075196,2217,104176,86.5,63.6
Uttar Pradesh,Jaunpur,25.70141280913127,82.54315351934063,194,4494204,2220465,2273739,2731677,8002,181467,102.4,60.8
Uttar Pradesh,Jhansi,25.45581535234902,78.89954580536917,166,1998603,1057436,941167,1304513,8517,183340,89.0,65.3
Uttar Pradesh,Jyotiba Phule Nagar,28.870498984771594,78.39009365482241,137,1840221,963449,876772,983110,2825,89329,91.0,53.4
Uttar Pradesh,Kannauj,26.993988617886185,79.64437940379408,160,1656616,881776,774840,1017087,2488,61491,87.9,61.4
Uttar Pradesh,Kanpur Dehat,26.43047641196011,79.98710083056478,163,1796184,963255,832929,1170243,2682,49753,86.5,65.2
Uttar Pradesh,Kaushambi,25.53587532051282,81.41811282051287,174,1599596,838485,761111,813424,1503,43753,90.8,50.9
Uttar Pradesh,Kushinagar,26.892530675909864,83.92261542461007,189,3564544,1818055,1746489,1954820,3486,127331,96.1,54.8
Uttar Pradesh,Lalitpur,24.588771610169452,78.60082330508473,167,1221592,641011,580581,641191,1079,77082,90.6,52.5
Uttar Pradesh,Lucknow,26.838233589251463,80.89706026871404,157,4589838,2394476,2195362,3127260,68506,582769,91.7,68.1
Uttar Pradesh,Mahoba,25.34529670138888,79.67863003472216,169,875958,466358,409600,488106,1316,42936,87.8,55.7
Uttar Pradesh,Mainpuri,27.17386862302482,79.03501851015807,148,1868529,993377,875152,1203885,2642,79022,88.1,64.4
Uttar Pradesh,Mathura,27.59390432801821,77.62153416856502,145,2547184,1367125,1180059,1507746,8726,281239,86.3,59.2
Uttar Pradesh,Mau,26.01082203791469,83.50582654028433,192,2205968,1114709,1091259,1363044,2656,149908,97.9,61.8
Uttar Pradesh,Meerut,29.02957625698323,77.80611005586593,138,3443689,1825743,1617946,2141488,23717,425624,88.6,62.2
Uttar Pradesh,Mirzapur,25.10207959183675,82.60126628571429,199,2496970,1312302,1184668,1428683,4447,145997,90.3,57.2
Uttar Pradesh,Moradabad,28.851770406189537,78.73580193423597,135,4772006,2503186,2268820,2263848,11690,281758,90.6,47.4
Uttar Pradesh,Muzaffarnagar,29.470507977736563,77.64017847866423,133,4143512,2193434,1950078,2417339,10077,368153,88.9,58.3
Uttar Pradesh,Pilibhit,28.52024175035868,79.90103974175037,151,2031007,1072002,959005,1061095,2870,83006,89.5,52.2
Uttar Pradesh,Pratapgarh,25.864842731707313,81.93530048780492,131,867848,437744,430104,401515,716,71612,98.3,46.3
Uttar Pradesh,Pratapgarh,25.864842731707313,81.93530048780492,173,3209141,1606085,1603056,1931559,5149,140538,99.8,60.2
Uttar Pradesh,Rae Bareli,26.253902840059787,81.22260463378181,158,3405559,1752542,1653017,1965843,5184,247856,94.3,57.7
Uttar Pradesh,Rampur,28.83244727272725,79.10977333333337,136,2335819,1223889,1111930,1043666,3847,131112,90.9,44.7
Uttar Pradesh,Saharanpur,30.033811652173917,77.59905147826095,132,3466382,1834106,1632276,2077108,9699,404499,89.0,59.9
Uttar Pradesh,Sant Kabir Nagar,26.791596516393444,83.0387764344262,186,1715183,869656,845527,954949,2031,79525,97.2,55.7
Uttar Pradesh,Shahjahanpur,27.991389350649328,79.8302275324675,152,3006538,1606403,1400135,1490930,3889,115163,87.2,49.6
Uttar Pradesh,Sitapur,27.501995963091108,80.85288881199547,154,4483992,2375264,2108728,2283733,3874,102040,88.8,50.9
Uttar Pradesh,Sonbhadra,24.46693268858798,83.06816324951639,200,1862559,971344,891215,985708,5149,95582,91.8,52.9
Uttar Pradesh,Sultanpur,26.2846386419753,82.05710456790123,179,3797117,1914586,1882531,2239902,5956,233701,98.3,59.0
Uttar Pradesh,Unnao,26.63163990895297,80.636773292868,156,3108367,1630087,1478280,1773584,3476,99466,90.7,57.1
Uttar Pradesh,Varanasi,25.360570888888898,82.82529666666672,197,3676841,1921857,1754984,2403903,19214,336056,91.3,65.4
Uttaranchal,Almora,29.683532133676103,79.50165064267351,64,622506,291081,331425,436497,1830,109876,113.9,70.1
Uttaranchal,Bageshwar,29.98703393393397,79.83954354354357,63,259898,124326,135572,179483,435,47083,109.0,69.1
Uttaranchal,Chamoli,30.583386114649652,79.56281095541402,57,391605,193991,197614,280556,899,71524,101.9,71.6
Uttaranchal,Champawat,29.29142393939393,80.07720212121217,65,259648,131125,128523,177726,548,37725,98.0,68.4
Uttaranchal,Pithoragarh,30.147206318681295,80.34229230769236,62,483439,239306,244133,345550,1344,95421,102.0,71.5
Uttaranchal,Tehri Garhwal,30.463700918635173,78.48783792650917,59,618931,297986,320945,407994,1366,117239,107.7,65.9
Uttaranchal,Udham Singh Nagar,29.02779577677222,79.45629004524895,67,1648902,858783,790119,1037839,7883,254802,92.0,62.9
Uttaranchal,Uttarkashi,30.96895855203623,78.56880615384617,56,330086,168597,161489,215126,602,52621,95.8,65.2
West Bengal,Bankura,23.081280892857155,87.12640053571437,339,3596674,1838095,1758579,2232992,4273,334670,95.7,62.1
West Bengal,Barddhaman,23.444453888888884,87.8150581111111,335,7717563,3966889,3750674,5247208,32323,1049943,94.5,68.0
West Bengal,Birbhum,24.06389342723,87.65153089201888,334,3502404,1790920,1711484,2158447,5210,333752,95.6,61.6
West Bengal,Dakshin Dinajpur,25.342094363021435,88.69821679819614,331,1676276,857199,819077,1083685,2518,168069,95.6,64.6
West Bengal,Darjiling,26.839619571045585,88.33145067024122,327,1846823,937259,909564,1315585,10943,297176,97.0,71.2
West Bengal,Haora,22.401674174428507,87.99421176968654,341,4850029,2500819,2349210,3605206,30751,796953,93.9,74.3
West Bengal,Hugli,22.879292647058815,88.00010264705891,338,5519145,2814653,2704492,4078388,31725,965258,96.1,73.9
West Bengal,Jalpaiguri,26.62642031250004,89.04154375000003,328,3872846,1983064,1889782,2498780,9322,382500,95.3,64.5
West Bengal,Kolkata,22.550581481481483,88.3527648148148,342,4496694,2356766,2139928,3588137,136618,927602,90.8,79.8
West Bengal,Maldah,25.08026802575105,88.17191684549356,332,3988845,2051541,1937304,2086432,5357,297716,94.4,52.3
West Bengal,Murshidabad,24.25950655391121,88.16816860465121,333,7103807,3627564,3476243,4055834,7951,541169,95.8,57.1
West Bengal,Nadia,23.56410971055088,88.58293034547152,336,5167600,2653768,2513832,3480555,12787,623729,94.7,67.4
West Bengal,Puruliya,23.254192328767108,86.3968532876713,340,2930115,1496996,1433119,1624905,3551,189889,95.7,55.5
West Bengal,Uttar Dinajpur,26.044619165196977,88.23595232216337,330,3007134,1551066,1456068,1489667,2883,199307,93.9,49.5
